,0
sensor_11,0.6513850947912958
sensor_9,0.13697120844270777
sensor_4,0.07829145409541263
sensor_12,0.028540905467694135
sensor_7,0.021556898983885155
sensor_14,0.020342687856820987
sensor_15,0.013591247335260936
sensor_21,0.008818209665239801
sensor_2,0.007740590196911758
sensor_13,0.007693385451199489
sensor_20,0.006572136583738867
sensor_3,0.006555785438001553
sensor_8,0.005292986736618942
op1,0.002962140703494746
sensor_17,0.00206266410740622
op2,0.001620894738988085
sensor_6,1.709405323181046e-06
op3,0.0
